{
  "accuracy": 0.9958035613020302,
  "precision": 0.9966168922071862,
  "recall": 0.999064436907964,
  "f1": 0.9978391636979501,
  "roc_auc": 0.9990826821468359
}